-124.73,48.92,0,0
-124.64,48.92,1,0
-124.54,48.92,0,0
-124.44,48.92,0,0
-124.35,48.92,0,0
-124.25,48.92,0,0
-124.15,48.92,0,0
-124.06,48.92,0,0
-123.96,48.92,0,0
-123.87,48.92,0,0
-123.77,48.92,0,0
-123.67,48.92,1,0
-123.58,48.92,1,0
-123.48,48.92,1,0
-123.38,48.92,1,0
-123.29,48.92,1,0
-123.19,48.92,1,0
-123.09,48.92,1,0
-123.0,48.92,1,0
-122.9,48.92,1,0
-122.8,48.92,1,0
-122.71,48.92,1,0
-122.61,48.92,1,0
-122.51,48.92,1,0
-122.42,48.92,1,0
-122.32,48.92,1,0
-122.22,48.92,0,0
-122.13,48.92,0,0
-122.03,48.92,0,0
-121.94,48.92,0,0
-121.84,48.92,0,0
-121.74,48.92,0,0
-121.65,48.92,0,0
-121.55,48.92,0,0
-121.45,48.92,0,0
-121.36,48.92,0,0
-121.26,48.92,0,0
-121.16,48.92,0,0
-121.07,48.92,0,0
-120.97,48.92,0,0
-120.87,48.92,0,0
-120.78,48.92,0,0
-120.68,48.92,0,0
-120.58,48.92,0,0
-120.49,48.92,0,0
-120.39,48.92,0,0
-120.29,48.92,0,0
-120.2,48.92,0,0
-120.1,48.92,0,0
-120.01,48.92,0,0
-119.91,48.92,0,0
-119.81,48.92,0,0
-119.72,48.92,0,0
-119.62,48.92,0,0
-119.52,48.92,1,0
-119.43,48.92,1,0
-119.33,48.92,0,0
-119.23,48.92,0,0
-119.14,48.92,0,0
-119.04,48.92,0,0
-118.94,48.92,0,0
-118.85,48.92,0,0
-118.75,48.92,0,0
-118.65,48.92,0,0
-118.56,48.92,0,0
-118.46,48.92,0,0
-118.36,48.92,0,0
-118.27,48.92,0,0
-118.17,48.92,1,0
-118.08,48.92,0,0
-117.98,48.92,0,0
-117.88,48.92,1,0
-117.79,48.92,0,0
-117.69,48.92,1,0
-117.59,48.92,1,0
-117.5,48.92,0,0
-117.4,48.92,1,0
-117.3,48.92,0,0
-117.21,48.92,0,0
-117.11,48.92,0,0
-124.73,48.83,0,0
-124.64,48.83,0,0
-124.54,48.83,0,0
-124.44,48.83,0,0
-124.35,48.83,0,0
-124.25,48.83,0,0
-124.15,48.83,0,0
-124.06,48.83,0,0
-123.96,48.83,0,0
-123.87,48.83,0,0
-123.77,48.83,0,0
-123.67,48.83,1,0
-123.58,48.83,1,0
-123.48,48.83,1,0
-123.38,48.83,1,0
-123.29,48.83,1,0
-123.19,48.83,1,0
-123.09,48.83,1,0
-123.0,48.83,1,0
-122.9,48.83,1,0
-122.8,48.83,1,0
-122.71,48.83,1,0
-122.61,48.83,1,0
-122.51,48.83,1,0
-122.42,48.83,1,0
-122.32,48.83,1,0
-122.22,48.83,1,0
-122.13,48.83,1,0
-122.03,48.83,0,0
-121.94,48.83,0,0
-121.84,48.83,0,0
-121.74,48.83,0,0
-121.65,48.83,0,0
-121.55,48.83,0,0
-121.45,48.83,0,0
-121.36,48.83,0,0
-121.26,48.83,0,0
-121.16,48.83,0,0
-121.07,48.83,1,0
-120.97,48.83,0,0
-120.87,48.83,0,0
-120.78,48.83,0,0
-120.68,48.83,0,0
-120.58,48.83,0,0
-120.49,48.83,0,0
-120.39,48.83,0,0
-120.29,48.83,0,0
-120.2,48.83,0,0
-120.1,48.83,0,0
-120.01,48.83,0,0
-119.91,48.83,0,0
-119.81,48.83,0,0
-119.72,48.83,0,0
-119.62,48.83,1,0
-119.52,48.83,1,0
-119.43,48.83,1,0
-119.33,48.83,1,0
-119.23,48.83,0,0
-119.14,48.83,0,0
-119.04,48.83,0,0
-118.94,48.83,0,0
-118.85,48.83,0,0
-118.75,48.83,0,0
-118.65,48.83,0,0
-118.56,48.83,0,0
-118.46,48.83,0,0
-118.36,48.83,0,0
-118.27,48.83,0,0
-118.17,48.83,1,0
-118.08,48.83,1,0
-117.98,48.83,1,0
-117.88,48.83,0,0
-117.79,48.83,0,0
-117.69,48.83,0,0
-117.59,48.83,0,0
-117.5,48.83,0,0
-117.4,48.83,1,0
-117.3,48.83,0,0
-117.21,48.83,0,0
-117.11,48.83,0,0
-124.73,48.75,1,0
-124.64,48.75,0,0
-124.54,48.75,0,0
-124.44,48.75,0,0
-124.35,48.75,0,0
-124.25,48.75,1,0
-124.15,48.75,0,0
-124.06,48.75,0,0
-123.96,48.75,0,0
-123.87,48.75,0,0
-123.77,48.75,0,0
-123.67,48.75,1,0
-123.58,48.75,1,0
-123.48,48.75,1,0
-123.38,48.75,1,0
-123.29,48.75,1,0
-123.19,48.75,1,0
-123.09,48.75,1,0
-123.0,48.75,1,0
-122.9,48.75,1,0
-122.8,48.75,1,0
-122.71,48.75,1,0
-122.61,48.75,1,0
-122.51,48.75,1,0
-122.42,48.75,0,0
-122.32,48.75,1,0
-122.22,48.75,1,0
-122.13,48.75,0,0
-122.03,48.75,0,0
-121.94,48.75,0,0
-121.84,48.75,0,0
-121.74,48.75,0,0
-121.65,48.75,0,0
-121.55,48.75,0,0
-121.45,48.75,0,0
-121.36,48.75,0,0
-121.26,48.75,0,0
-121.16,48.75,1,0
-121.07,48.75,0,0
-120.97,48.75,0,0
-120.87,48.75,0,0
-120.78,48.75,0,0
-120.68,48.75,0,0
-120.58,48.75,0,0
-120.49,48.75,0,0
-120.39,48.75,0,0
-120.29,48.75,0,0
-120.2,48.75,0,0
-120.1,48.75,0,0
-120.01,48.75,0,0
-119.91,48.75,0,0
-119.81,48.75,0,0
-119.72,48.75,0,0
-119.62,48.75,1,0
-119.52,48.75,1,0
-119.43,48.75,1,0
-119.33,48.75,1,0
-119.23,48.75,0,0
-119.14,48.75,0,0
-119.04,48.75,0,0
-118.94,48.75,0,0
-118.85,48.75,0,0
-118.75,48.75,0,0
-118.65,48.75,0,0
-118.56,48.75,0,0
-118.46,48.75,0,0
-118.36,48.75,0,0
-118.27,48.75,0,0
-118.17,48.75,1,0
-118.08,48.75,1,0
-117.98,48.75,1,0
-117.88,48.75,0,0
-117.79,48.75,0,0
-117.69,48.75,0,0
-117.59,48.75,0,0
-117.5,48.75,0,0
-117.4,48.75,1,0
-117.3,48.75,0,0
-117.21,48.75,0,0
-117.11,48.75,0,0
-124.73,48.66,0,0
-124.64,48.66,0,0
-124.54,48.66,0,0
-124.44,48.66,0,0
-124.35,48.66,0,0
-124.25,48.66,1,0
-124.15,48.66,0,0
-124.06,48.66,0,0
-123.96,48.66,0,0
-123.87,48.66,0,0
-123.77,48.66,0,0
-123.67,48.66,1,0
-123.58,48.66,0,0
-123.48,48.66,1,0
-123.38,48.66,1,0
-123.29,48.66,1,0
-123.19,48.66,1,0
-123.09,48.66,1,0
-123.0,48.66,1,0
-122.9,48.66,1,0
-122.8,48.66,1,0
-122.71,48.66,1,0
-122.61,48.66,1,0
-122.51,48.66,1,0
-122.42,48.66,0,0
-122.32,48.66,0,0
-122.22,48.66,0,0
-122.13,48.66,0,0
-122.03,48.66,0,0
-121.94,48.66,0,0
-121.84,48.66,0,0
-121.74,48.66,0,0
-121.65,48.66,0,0
-121.55,48.66,0,0
-121.45,48.66,0,0
-121.36,48.66,0,0
-121.26,48.66,0,0
-121.16,48.66,0,0
-121.07,48.66,0,0
-120.97,48.66,0,0
-120.87,48.66,0,0
-120.78,48.66,0,0
-120.68,48.66,0,0
-120.58,48.66,0,0
-120.49,48.66,0,0
-120.39,48.66,0,0
-120.29,48.66,0,0
-120.2,48.66,0,0
-120.1,48.66,0,0
-120.01,48.66,0,0
-119.91,48.66,0,0
-119.81,48.66,0,0
-119.72,48.66,0,0
-119.62,48.66,1,0
-119.52,48.66,1,0
-119.43,48.66,1,0
-119.33,48.66,1,0
-119.23,48.66,0,0
-119.14,48.66,0,0
-119.04,48.66,0,0
-118.94,48.66,0,0
-118.85,48.66,0,0
-118.75,48.66,0,0
-118.65,48.66,0,0
-118.56,48.66,0,0
-118.46,48.66,0,0
-118.36,48.66,0,0
-118.27,48.66,0,0
-118.17,48.66,0,0
-118.08,48.66,1,0
-117.98,48.66,0,0
-117.88,48.66,0,0
-117.79,48.66,0,0
-117.69,48.66,0,0
-117.59,48.66,0,0
-117.5,48.66,0,0
-117.4,48.66,1,0
-117.3,48.66,0,0
-117.21,48.66,0,0
-117.11,48.66,0,0
-124.73,48.58,1,0
-124.64,48.58,1,0
-124.54,48.58,1,0
-124.44,48.58,1,0
-124.35,48.58,1,0
-124.25,48.58,0,0
-124.15,48.58,0,0
-124.06,48.58,0,0
-123.96,48.58,0,0
-123.87,48.58,0,0
-123.77,48.58,0,0
-123.67,48.58,1,0
-123.58,48.58,0,0
-123.48,48.58,0,0
-123.38,48.58,1,0
-123.29,48.58,1,0
-123.19,48.58,1,0
-123.09,48.58,1,0
-123.0,48.58,1,0
-122.9,48.58,1,0
-122.8,48.58,1,0
-122.71,48.58,1,0
-122.61,48.58,1,0
-122.51,48.58,1,0
-122.42,48.58,1,0
-122.32,48.58,1,0
-122.22,48.58,1,0
-122.13,48.58,0,0
-122.03,48.58,1,0
-121.94,48.58,0,0
-121.84,48.58,0,0
-121.74,48.58,1,0
-121.65,48.58,0,0
-121.55,48.58,0,0
-121.45,48.58,1,0
-121.36,48.58,0,0
-121.26,48.58,0,0
-121.16,48.58,0,0
-121.07,48.58,0,0
-120.97,48.58,0,0
-120.87,48.58,0,0
-120.78,48.58,0,0
-120.68,48.58,0,0
-120.58,48.58,0,0
-120.49,48.58,0,0
-120.39,48.58,0,0
-120.29,48.58,0,0
-120.2,48.58,1,0
-120.1,48.58,0,0
-120.01,48.58,0,0
-119.91,48.58,0,0
-119.81,48.58,0,0
-119.72,48.58,1,0
-119.62,48.58,1,0
-119.52,48.58,1,0
-119.43,48.58,1,0
-119.33,48.58,1,0
-119.23,48.58,0,0
-119.14,48.58,0,0
-119.04,48.58,0,0
-118.94,48.58,0,0
-118.85,48.58,0,0
-118.75,48.58,1,0
-118.65,48.58,0,0
-118.56,48.58,0,0
-118.46,48.58,0,0
-118.36,48.58,0,0
-118.27,48.58,0,0
-118.17,48.58,1,0
-118.08,48.58,1,0
-117.98,48.58,1,0
-117.88,48.58,1,0
-117.79,48.58,0,0
-117.69,48.58,0,0
-117.59,48.58,0,0
-117.5,48.58,0,0
-117.4,48.58,0,0
-117.3,48.58,1,0
-117.21,48.58,0,0
-117.11,48.58,0,0
-124.73,48.49,1,0
-124.64,48.49,1,0
-124.54,48.49,1,0
-124.44,48.49,1,0
-124.35,48.49,1,0
-124.25,48.49,1,0
-124.15,48.49,1,0
-124.06,48.49,0,0
-123.96,48.49,0,0
-123.87,48.49,0,0
-123.77,48.49,0,0
-123.67,48.49,0,0
-123.58,48.49,0,0
-123.48,48.49,1,0
-123.38,48.49,1,0
-123.29,48.49,1,0
-123.19,48.49,1,0
-123.09,48.49,1,0
-123.0,48.49,1,0
-122.9,48.49,1,0
-122.8,48.49,1,0
-122.71,48.49,1,0
-122.61,48.49,1,0
-122.51,48.49,1,0
-122.42,48.49,1,0
-122.32,48.49,1,0
-122.22,48.49,0,0
-122.13,48.49,0,0
-122.03,48.49,0,0
-121.94,48.49,0,0
-121.84,48.49,0,0
-121.74,48.49,0,0
-121.65,48.49,0,0
-121.55,48.49,1,0
-121.45,48.49,0,0
-121.36,48.49,0,0
-121.26,48.49,0,0
-121.16,48.49,0,0
-121.07,48.49,0,0
-120.97,48.49,0,0
-120.87,48.49,0,0
-120.78,48.49,0,0
-120.68,48.49,0,0
-120.58,48.49,0,0
-120.49,48.49,0,0
-120.39,48.49,0,0
-120.29,48.49,0,0
-120.2,48.49,1,0
-120.1,48.49,0,0
-120.01,48.49,0,0
-119.91,48.49,0,0
-119.81,48.49,0,0
-119.72,48.49,1,0
-119.62,48.49,1,0
-119.52,48.49,1,0
-119.43,48.49,1,0
-119.33,48.49,1,0
-119.23,48.49,0,0
-119.14,48.49,0,0
-119.04,48.49,0,0
-118.94,48.49,0,0
-118.85,48.49,1,0
-118.75,48.49,1,0
-118.65,48.49,0,0
-118.56,48.49,0,0
-118.46,48.49,0,0
-118.36,48.49,0,0
-118.27,48.49,0,0
-118.17,48.49,1,0
-118.08,48.49,0,0
-117.98,48.49,0,0
-117.88,48.49,1,0
-117.79,48.49,1,0
-117.69,48.49,1,0
-117.59,48.49,0,0
-117.5,48.49,0,0
-117.4,48.49,0,0
-117.3,48.49,1,0
-117.21,48.49,0,0
-117.11,48.49,0,0
-124.73,48.41,1,0
-124.64,48.41,0,0
-124.54,48.41,1,0
-124.44,48.41,1,0
-124.35,48.41,1,0
-124.25,48.41,1,0
-124.15,48.41,1,0
-124.06,48.41,1,0
-123.96,48.41,0,0
-123.87,48.41,0,0
-123.77,48.41,0,0
-123.67,48.41,0,0
-123.58,48.41,0,0
-123.48,48.41,0,0
-123.38,48.41,1,0
-123.29,48.41,1,0
-123.19,48.41,1,0
-123.09,48.41,1,0
-123.0,48.41,1,0
-122.9,48.41,1,0
-122.8,48.41,1,0
-122.71,48.41,1,0
-122.61,48.41,1,0
-122.51,48.41,1,0
-122.42,48.41,1,0
-122.32,48.41,1,0
-122.22,48.41,1,0
-122.13,48.41,0,0
-122.03,48.41,0,0
-121.94,48.41,0,0
-121.84,48.41,0,0
-121.74,48.41,0,0
-121.65,48.41,0,0
-121.55,48.41,1,0
-121.45,48.41,0,0
-121.36,48.41,0,0
-121.26,48.41,0,0
-121.16,48.41,0,0
-121.07,48.41,0,0
-120.97,48.41,0,0
-120.87,48.41,0,0
-120.78,48.41,0,0
-120.68,48.41,0,0
-120.58,48.41,0,0
-120.49,48.41,0,0
-120.39,48.41,0,0
-120.29,48.41,0,0
-120.2,48.41,1,0
-120.1,48.41,1,0
-120.01,48.41,1,0
-119.91,48.41,0,0
-119.81,48.41,1,0
-119.72,48.41,1,0
-119.62,48.41,1,0
-119.52,48.41,1,0
-119.43,48.41,1,0
-119.33,48.41,1,0
-119.23,48.41,1,0
-119.14,48.41,0,0
-119.04,48.41,0,0
-118.94,48.41,0,0
-118.85,48.41,0,0
-118.75,48.41,0,0
-118.65,48.41,0,0
-118.56,48.41,0,0
-118.46,48.41,0,0
-118.36,48.41,0,0
-118.27,48.41,0,0
-118.17,48.41,1,0
-118.08,48.41,0,0
-117.98,48.41,0,0
-117.88,48.41,1,0
-117.79,48.41,0,0
-117.69,48.41,1,0
-117.59,48.41,0,0
-117.5,48.41,0,0
-117.4,48.41,0,0
-117.3,48.41,1,0
-117.21,48.41,0,0
-117.11,48.41,0,0
-124.73,48.33,1,0
-124.64,48.33,0,0
-124.54,48.33,0,0
-124.44,48.33,0,0
-124.35,48.33,1,0
-124.25,48.33,1,0
-124.15,48.33,1,0
-124.06,48.33,1,0
-123.96,48.33,0,0
-123.87,48.33,0,0
-123.77,48.33,0,0
-123.67,48.33,0,0
-123.58,48.33,0,0
-123.48,48.33,0,0
-123.38,48.33,1,0
-123.29,48.33,1,0
-123.19,48.33,1,0
-123.09,48.33,1,0
-123.0,48.33,1,0
-122.9,48.33,1,0
-122.8,48.33,1,0
-122.71,48.33,1,0
-122.61,48.33,1,0
-122.51,48.33,1,0
-122.42,48.33,1,0
-122.32,48.33,1,0
-122.22,48.33,0,0
-122.13,48.33,0,0
-122.03,48.33,0,0
-121.94,48.33,0,0
-121.84,48.33,0,0
-121.74,48.33,0,0
-121.65,48.33,1,0
-121.55,48.33,1,0
-121.45,48.33,0,0
-121.36,48.33,0,0
-121.26,48.33,0,0
-121.16,48.33,0,0
-121.07,48.33,0,0
-120.97,48.33,0,0
-120.87,48.33,0,0
-120.78,48.33,0,0
-120.68,48.33,1,0
-120.58,48.33,0,0
-120.49,48.33,0,0
-120.39,48.33,0,0
-120.29,48.33,0,0
-120.2,48.33,0,0
-120.1,48.33,1,0
-120.01,48.33,0,0
-119.91,48.33,0,0
-119.81,48.33,1,0
-119.72,48.33,1,0
-119.62,48.33,1,0
-119.52,48.33,1,0
-119.43,48.33,1,0
-119.33,48.33,1,0
-119.23,48.33,1,0
-119.14,48.33,1,0
-119.04,48.33,0,0
-118.94,48.33,1,0
-118.85,48.33,0,0
-118.75,48.33,1,0
-118.65,48.33,0,0
-118.56,48.33,0,0
-118.46,48.33,0,0
-118.36,48.33,0,0
-118.27,48.33,1,0
-118.17,48.33,1,0
-118.08,48.33,0,0
-117.98,48.33,0,0
-117.88,48.33,1,0
-117.79,48.33,1,0
-117.69,48.33,1,0
-117.59,48.33,0,0
-117.5,48.33,0,0
-117.4,48.33,0,0
-117.3,48.33,1,0
-117.21,48.33,0,0
-117.11,48.33,0,0
-124.73,48.24,1,0
-124.64,48.24,0,0
-124.54,48.24,0,0
-124.44,48.24,0,0
-124.35,48.24,0,0
-124.25,48.24,0,0
-124.15,48.24,0,0
-124.06,48.24,0,0
-123.96,48.24,0,0
-123.87,48.24,0,0
-123.77,48.24,0,0
-123.67,48.24,1,0
-123.58,48.24,1,0
-123.48,48.24,1,0
-123.38,48.24,1,0
-123.29,48.24,1,0
-123.19,48.24,1,0
-123.09,48.24,1,0
-123.0,48.24,1,0
-122.9,48.24,1,0
-122.8,48.24,1,0
-122.71,48.24,1,0
-122.61,48.24,1,0
-122.51,48.24,1,0
-122.42,48.24,1,0
-122.32,48.24,1,0
-122.22,48.24,1,0
-122.13,48.24,1,0
-122.03,48.24,1,0
-121.94,48.24,1,0
-121.84,48.24,0,0
-121.74,48.24,0,0
-121.65,48.24,0,0
-121.55,48.24,0,0
-121.45,48.24,0,0
-121.36,48.24,0,0
-121.26,48.24,0,0
-121.16,48.24,0,0
-121.07,48.24,0,0
-120.97,48.24,0,0
-120.87,48.24,0,0
-120.78,48.24,0,0
-120.68,48.24,0,0
-120.58,48.24,1,0
-120.49,48.24,0,0
-120.39,48.24,0,0
-120.29,48.24,0,0
-120.2,48.24,0,0
-120.1,48.24,1,0
-120.01,48.24,1,0
-119.91,48.24,1,0
-119.81,48.24,1,0
-119.72,48.24,1,0
-119.62,48.24,1,0
-119.52,48.24,1,0
-119.43,48.24,1,0
-119.33,48.24,1,0
-119.23,48.24,1,0
-119.14,48.24,1,0
-119.04,48.24,1,0
-118.94,48.24,1,0
-118.85,48.24,1,0
-118.75,48.24,0,0
-118.65,48.24,1,0
-118.56,48.24,0,0
-118.46,48.24,0,0
-118.36,48.24,0,0
-118.27,48.24,1,0
-118.17,48.24,1,0
-118.08,48.24,0,0
-117.98,48.24,0,0
-117.88,48.24,0,0
-117.79,48.24,1,0
-117.69,48.24,1,0
-117.59,48.24,1,0
-117.5,48.24,0,0
-117.4,48.24,0,0
-117.3,48.24,1,0
-117.21,48.24,0,0
-117.11,48.24,0,0
-124.73,48.16,1,0
-124.64,48.16,0,0
-124.54,48.16,0,0
-124.44,48.16,0,0
-124.35,48.16,0,0
-124.25,48.16,0,0
-124.15,48.16,0,0
-124.06,48.16,0,0
-123.96,48.16,0,0
-123.87,48.16,0,0
-123.77,48.16,0,0
-123.67,48.16,0,0
-123.58,48.16,0,0
-123.48,48.16,1,0
-123.38,48.16,0,0
-123.29,48.16,0,0
-123.19,48.16,0,0
-123.09,48.16,1,0
-123.0,48.16,1,0
-122.9,48.16,1,0
-122.8,48.16,1,0
-122.71,48.16,1,0
-122.61,48.16,1,0
-122.51,48.16,1,0
-122.42,48.16,1,0
-122.32,48.16,1,0
-122.22,48.16,1,0
-122.13,48.16,1,0
-122.03,48.16,1,0
-121.94,48.16,1,0
-121.84,48.16,1,0
-121.74,48.16,0,0
-121.65,48.16,0,0
-121.55,48.16,0,0
-121.45,48.16,0,0
-121.36,48.16,0,0
-121.26,48.16,0,0
-121.16,48.16,0,0
-121.07,48.16,0,0
-120.97,48.16,0,0
-120.87,48.16,0,0
-120.78,48.16,0,0
-120.68,48.16,0,0
-120.58,48.16,0,0
-120.49,48.16,1,0
-120.39,48.16,0,0
-120.29,48.16,1,0
-120.2,48.16,1,0
-120.1,48.16,1,0
-120.01,48.16,1,0
-119.91,48.16,1,0
-119.81,48.16,1,0
-119.72,48.16,1,0
-119.62,48.16,1,0
-119.52,48.16,1,0
-119.43,48.16,1,0
-119.33,48.16,1,0
-119.23,48.16,1,0
-119.14,48.16,1,0
-119.04,48.16,1,0
-118.94,48.16,1,0
-118.85,48.16,1,0
-118.75,48.16,1,0
-118.65,48.16,1,0
-118.56,48.16,0,0
-118.46,48.16,0,0
-118.36,48.16,1,0
-118.27,48.16,1,0
-118.17,48.16,1,0
-118.08,48.16,0,0
-117.98,48.16,0,0
-117.88,48.16,1,0
-117.79,48.16,1,0
-117.69,48.16,1,0
-117.59,48.16,1,0
-117.5,48.16,1,0
-117.4,48.16,1,0
-117.3,48.16,0,0
-117.21,48.16,1,0
-117.11,48.16,0,0
-124.73,48.07,1,0
-124.64,48.07,0,0
-124.54,48.07,0,0
-124.44,48.07,0,0
-124.35,48.07,0,0
-124.25,48.07,0,0
-124.15,48.07,0,0
-124.06,48.07,0,0
-123.96,48.07,0,0
-123.87,48.07,0,0
-123.77,48.07,0,0
-123.67,48.07,0,0
-123.58,48.07,0,0
-123.48,48.07,0,0
-123.38,48.07,0,0
-123.29,48.07,0,0
-123.19,48.07,0,0
-123.09,48.07,0,0
-123.0,48.07,1,0
-122.9,48.07,1,0
-122.8,48.07,1,0
-122.71,48.07,1,0
-122.61,48.07,1,0
-122.51,48.07,1,0
-122.42,48.07,1,0
-122.32,48.07,1,0
-122.22,48.07,1,0
-122.13,48.07,1,0
-122.03,48.07,1,0
-121.94,48.07,1,0
-121.84,48.07,0,0
-121.74,48.07,0,0
-121.65,48.07,0,0
-121.55,48.07,0,0
-121.45,48.07,0,0
-121.36,48.07,0,0
-121.26,48.07,0,0
-121.16,48.07,0,0
-121.07,48.07,0,0
-120.97,48.07,0,0
-120.87,48.07,0,0
-120.78,48.07,0,0
-120.68,48.07,0,0
-120.58,48.07,0,0
-120.49,48.07,0,0
-120.39,48.07,0,0
-120.29,48.07,1,0
-120.2,48.07,0,0
-120.1,48.07,0,0
-120.01,48.07,0,0
-119.91,48.07,1,0
-119.81,48.07,1,0
-119.72,48.07,1,0
-119.62,48.07,1,0
-119.52,48.07,1,0
-119.43,48.07,1,0
-119.33,48.07,1,0
-119.23,48.07,1,0
-119.14,48.07,1,0
-119.04,48.07,1,0
-118.94,48.07,1,0
-118.85,48.07,1,0
-118.75,48.07,1,0
-118.65,48.07,1,0
-118.56,48.07,1,0
-118.46,48.07,1,0
-118.36,48.07,1,0
-118.27,48.07,1,0
-118.17,48.07,1,0
-118.08,48.07,0,0
-117.98,48.07,1,0
-117.88,48.07,1,0
-117.79,48.07,1,0
-117.69,48.07,1,0
-117.59,48.07,1,0
-117.5,48.07,1,0
-117.4,48.07,1,0
-117.3,48.07,1,0
-117.21,48.07,1,0
-117.11,48.07,0,0
-124.73,47.99,1,0
-124.64,47.99,0,0
-124.54,47.99,0,0
-124.44,47.99,1,0
-124.35,47.99,0,0
-124.25,47.99,0,0
-124.15,47.99,0,0
-124.06,47.99,0,0
-123.96,47.99,0,0
-123.87,47.99,0,0
-123.77,47.99,0,0
-123.67,47.99,0,0
-123.58,47.99,0,0
-123.48,47.99,0,0
-123.38,47.99,0,0
-123.29,47.99,0,0
-123.19,47.99,0,0
-123.09,47.99,0,0
-123.0,47.99,0,0
-122.9,47.99,1,0
-122.8,47.99,1,0
-122.71,47.99,1,0
-122.61,47.99,1,0
-122.51,47.99,1,0
-122.42,47.99,1,0
-122.32,47.99,1,0
-122.22,47.99,1,0
-122.13,47.99,1,0
-122.03,47.99,1,0
-121.94,47.99,1,0
-121.84,47.99,1,0
-121.74,47.99,0,0
-121.65,47.99,0,0
-121.55,47.99,0,0
-121.45,47.99,0,0
-121.36,47.99,0,0
-121.26,47.99,0,0
-121.16,47.99,0,0
-121.07,47.99,0,0
-120.97,47.99,0,0
-120.87,47.99,0,0
-120.78,47.99,0,0
-120.68,47.99,0,0
-120.58,47.99,0,0
-120.49,47.99,0,0
-120.39,47.99,0,0
-120.29,47.99,1,0
-120.2,47.99,1,0
-120.1,47.99,1,0
-120.01,47.99,1,0
-119.91,47.99,1,0
-119.81,47.99,1,0
-119.72,47.99,1,0
-119.62,47.99,1,0
-119.52,47.99,1,0
-119.43,47.99,1,0
-119.33,47.99,1,0
-119.23,47.99,1,0
-119.14,47.99,1,0
-119.04,47.99,1,0
-118.94,47.99,1,0
-118.85,47.99,1,0
-118.75,47.99,1,0
-118.65,47.99,1,0
-118.56,47.99,1,0
-118.46,47.99,0,0
-118.36,47.99,1,0
-118.27,47.99,1,0
-118.17,47.99,1,0
-118.08,47.99,1,0
-117.98,47.99,1,0
-117.88,47.99,1,0
-117.79,47.99,1,0
-117.69,47.99,1,0
-117.59,47.99,1,0
-117.5,47.99,1,0
-117.4,47.99,1,0
-117.3,47.99,1,0
-117.21,47.99,1,0
-117.11,47.99,1,0
-124.73,47.9,1,0
-124.64,47.9,1,0
-124.54,47.9,0,0
-124.44,47.9,0,0
-124.35,47.9,0,0
-124.25,47.9,0,0
-124.15,47.9,0,0
-124.06,47.9,0,0
-123.96,47.9,0,0
-123.87,47.9,0,0
-123.77,47.9,0,0
-123.67,47.9,0,0
-123.58,47.9,0,0
-123.48,47.9,0,0
-123.38,47.9,0,0
-123.29,47.9,0,0
-123.19,47.9,0,0
-123.09,47.9,0,0
-123.0,47.9,0,0
-122.9,47.9,1,0
-122.8,47.9,1,0
-122.71,47.9,1,0
-122.61,47.9,1,0
-122.51,47.9,1,0
-122.42,47.9,1,0
-122.32,47.9,1,0
-122.22,47.9,1,0
-122.13,47.9,1,0
-122.03,47.9,1,0
-121.94,47.9,1,0
-121.84,47.9,1,0
-121.74,47.9,1,0
-121.65,47.9,0,0
-121.55,47.9,0,0
-121.45,47.9,0,0
-121.36,47.9,0,0
-121.26,47.9,0,0
-121.16,47.9,0,0
-121.07,47.9,0,0
-120.97,47.9,0,0
-120.87,47.9,0,0
-120.78,47.9,0,0
-120.68,47.9,0,0
-120.58,47.9,0,0
-120.49,47.9,1,0
-120.39,47.9,0,0
-120.29,47.9,0,0
-120.2,47.9,1,0
-120.1,47.9,1,0
-120.01,47.9,1,0
-119.91,47.9,1,0
-119.81,47.9,1,0
-119.72,47.9,1,0
-119.62,47.9,1,0
-119.52,47.9,1,0
-119.43,47.9,1,0
-119.33,47.9,1,0
-119.23,47.9,1,0
-119.14,47.9,1,0
-119.04,47.9,1,0
-118.94,47.9,1,0
-118.85,47.9,1,0
-118.75,47.9,1,0
-118.65,47.9,1,0
-118.56,47.9,1,0
-118.46,47.9,1,0
-118.36,47.9,1,0
-118.27,47.9,1,0
-118.17,47.9,1,0
-118.08,47.9,1,0
-117.98,47.9,1,0
-117.88,47.9,1,0
-117.79,47.9,1,0
-117.69,47.9,1,0
-117.59,47.9,1,0
-117.5,47.9,1,0
-117.4,47.9,1,0
-117.3,47.9,1,0
-117.21,47.9,1,0
-117.11,47.9,0,0
-124.73,47.82,1,0
-124.64,47.82,1,0
-124.54,47.82,1,0
-124.44,47.82,0,0
-124.35,47.82,0,0
-124.25,47.82,0,0
-124.15,47.82,0,0
-124.06,47.82,0,0
-123.96,47.82,0,0
-123.87,47.82,0,0
-123.77,47.82,0,0
-123.67,47.82,0,0
-123.58,47.82,0,0
-123.48,47.82,0,0
-123.38,47.82,0,0
-123.29,47.82,0,0
-123.19,47.82,0,0
-123.09,47.82,0,0
-123.0,47.82,0,0
-122.9,47.82,0,0
-122.8,47.82,1,0
-122.71,47.82,1,0
-122.61,47.82,1,0
-122.51,47.82,1,0
-122.42,47.82,1,0
-122.32,47.82,1,0
-122.22,47.82,1,0
-122.13,47.82,1,0
-122.03,47.82,1,0
-121.94,47.82,1,0
-121.84,47.82,1,0
-121.74,47.82,0,0
-121.65,47.82,0,0
-121.55,47.82,0,0
-121.45,47.82,0,0
-121.36,47.82,0,0
-121.26,47.82,0,0
-121.16,47.82,0,0
-121.07,47.82,0,0
-120.97,47.82,0,0
-120.87,47.82,0,0
-120.78,47.82,1,0
-120.68,47.82,1,0
-120.58,47.82,1,0
-120.49,47.82,1,0
-120.39,47.82,1,0
-120.29,47.82,1,0
-120.2,47.82,1,0
-120.1,47.82,1,0
-120.01,47.82,1,0
-119.91,47.82,1,0
-119.81,47.82,1,0
-119.72,47.82,1,0
-119.62,47.82,1,0
-119.52,47.82,1,0
-119.43,47.82,1,0
-119.33,47.82,1,0
-119.23,47.82,1,0
-119.14,47.82,1,0
-119.04,47.82,1,0
-118.94,47.82,1,0
-118.85,47.82,1,0
-118.75,47.82,1,0
-118.65,47.82,1,0
-118.56,47.82,1,0
-118.46,47.82,1,0
-118.36,47.82,1,0
-118.27,47.82,1,0
-118.17,47.82,1,0
-118.08,47.82,1,0
-117.98,47.82,1,0
-117.88,47.82,1,0
-117.79,47.82,1,0
-117.69,47.82,1,0
-117.59,47.82,1,0
-117.5,47.82,1,0
-117.4,47.82,1,0
-117.3,47.82,1,0
-117.21,47.82,1,0
-117.11,47.82,1,0
-124.73,47.74,1,0
-124.64,47.74,1,0
-124.54,47.74,1,0
-124.44,47.74,1,0
-124.35,47.74,0,0
-124.25,47.74,0,0
-124.15,47.74,0,0
-124.06,47.74,0,0
-123.96,47.74,0,0
-123.87,47.74,0,0
-123.77,47.74,0,0
-123.67,47.74,0,0
-123.58,47.74,0,0
-123.48,47.74,0,0
-123.38,47.74,0,0
-123.29,47.74,0,0
-123.19,47.74,0,0
-123.09,47.74,0,0
-123.0,47.74,0,0
-122.9,47.74,1,0
-122.8,47.74,1,0
-122.71,47.74,1,0
-122.61,47.74,1,0
-122.51,47.74,1,0
-122.42,47.74,1,0
-122.32,47.74,1,0
-122.22,47.74,1,0
-122.13,47.74,1,0
-122.03,47.74,1,0
-121.94,47.74,1,0
-121.84,47.74,1,0
-121.74,47.74,1,0
-121.65,47.74,0,0
-121.55,47.74,0,0
-121.45,47.74,0,0
-121.36,47.74,1,0
-121.26,47.74,0,0
-121.16,47.74,0,0
-121.07,47.74,0,0
-120.97,47.74,0,0
-120.87,47.74,0,0
-120.78,47.74,0,0
-120.68,47.74,1,0
-120.58,47.74,1,0
-120.49,47.74,1,0
-120.39,47.74,1,0
-120.29,47.74,1,0
-120.2,47.74,1,0
-120.1,47.74,1,0
-120.01,47.74,1,0
-119.91,47.74,1,0
-119.81,47.74,1,0
-119.72,47.74,1,0
-119.62,47.74,1,0
-119.52,47.74,1,0
-119.43,47.74,1,0
-119.33,47.74,1,0
-119.23,47.74,1,0
-119.14,47.74,1,0
-119.04,47.74,1,0
-118.94,47.74,1,0
-118.85,47.74,1,0
-118.75,47.74,1,0
-118.65,47.74,1,0
-118.56,47.74,1,0
-118.46,47.74,1,0
-118.36,47.74,1,0
-118.27,47.74,1,0
-118.17,47.74,1,0
-118.08,47.74,1,0
-117.98,47.74,1,0
-117.88,47.74,1,0
-117.79,47.74,1,0
-117.69,47.74,1,0
-117.59,47.74,1,0
-117.5,47.74,1,0
-117.4,47.74,1,0
-117.3,47.74,1,0
-117.21,47.74,1,0
-117.11,47.74,1,0
-124.73,47.65,1,0
-124.64,47.65,1,0
-124.54,47.65,1,0
-124.44,47.65,1,0
-124.35,47.65,0,0
-124.25,47.65,0,0
-124.15,47.65,0,0
-124.06,47.65,1,0
-123.96,47.65,0,0
-123.87,47.65,0,0
-123.77,47.65,0,0
-123.67,47.65,0,0
-123.58,47.65,0,0
-123.48,47.65,0,0
-123.38,47.65,0,0
-123.29,47.65,0,0
-123.19,47.65,0,0
-123.09,47.65,0,0
-123.0,47.65,1,0
-122.9,47.65,0,0
-122.8,47.65,1,0
-122.71,47.65,1,0
-122.61,47.65,1,0
-122.51,47.65,1,0
-122.42,47.65,1,0
-122.32,47.65,1,0
-122.22,47.65,1,0
-122.13,47.65,1,0
-122.03,47.65,1,0
-121.94,47.65,1,0
-121.84,47.65,1,0
-121.74,47.65,0,0
-121.65,47.65,0,0
-121.55,47.65,0,0
-121.45,47.65,0,0
-121.36,47.65,0,0
-121.26,47.65,0,0
-121.16,47.65,0,0
-121.07,47.65,0,0
-120.97,47.65,0,0
-120.87,47.65,0,0
-120.78,47.65,0,0
-120.68,47.65,0,0
-120.58,47.65,1,0
-120.49,47.65,1,0
-120.39,47.65,1,0
-120.29,47.65,1,0
-120.2,47.65,1,0
-120.1,47.65,1,0
-120.01,47.65,1,0
-119.91,47.65,1,0
-119.81,47.65,1,0
-119.72,47.65,1,0
-119.62,47.65,1,0
-119.52,47.65,1,0
-119.43,47.65,1,0
-119.33,47.65,1,0
-119.23,47.65,1,0
-119.14,47.65,1,0
-119.04,47.65,1,0
-118.94,47.65,1,0
-118.85,47.65,1,0
-118.75,47.65,1,0
-118.65,47.65,1,0
-118.56,47.65,1,0
-118.46,47.65,1,0
-118.36,47.65,1,0
-118.27,47.65,1,0
-118.17,47.65,1,0
-118.08,47.65,1,0
-117.98,47.65,1,0
-117.88,47.65,1,0
-117.79,47.65,1,0
-117.69,47.65,1,0
-117.59,47.65,1,0
-117.5,47.65,1,0
-117.4,47.65,1,0
-117.3,47.65,1,0
-117.21,47.65,1,0
-117.11,47.65,1,0
-124.73,47.57,1,0
-124.64,47.57,1,0
-124.54,47.57,1,0
-124.44,47.57,1,0
-124.35,47.57,0,0
-124.25,47.57,0,0
-124.15,47.57,0,0
-124.06,47.57,0,0
-123.96,47.57,0,0
-123.87,47.57,0,0
-123.77,47.57,0,0
-123.67,47.57,0,0
-123.58,47.57,0,0
-123.48,47.57,0,0
-123.38,47.57,0,0
-123.29,47.57,0,0
-123.19,47.57,0,0
-123.09,47.57,1,0
-123.0,47.57,0,0
-122.9,47.57,1,0
-122.8,47.57,1,0
-122.71,47.57,1,0
-122.61,47.57,1,0
-122.51,47.57,1,0
-122.42,47.57,1,0
-122.32,47.57,1,0
-122.22,47.57,1,0
-122.13,47.57,1,0
-122.03,47.57,1,0
-121.94,47.57,0,0
-121.84,47.57,1,0
-121.74,47.57,0,0
-121.65,47.57,0,0
-121.55,47.57,0,0
-121.45,47.57,0,0
-121.36,47.57,0,0
-121.26,47.57,0,0
-121.16,47.57,0,0
-121.07,47.57,0,0
-120.97,47.57,0,0
-120.87,47.57,0,0
-120.78,47.57,0,0
-120.68,47.57,0,0
-120.58,47.57,1,0
-120.49,47.57,1,0
-120.39,47.57,1,0
-120.29,47.57,1,0
-120.2,47.57,1,0
-120.1,47.57,1,0
-120.01,47.57,1,0
-119.91,47.57,1,0
-119.81,47.57,1,0
-119.72,47.57,1,0
-119.62,47.57,1,0
-119.52,47.57,1,0
-119.43,47.57,1,0
-119.33,47.57,1,0
-119.23,47.57,1,0
-119.14,47.57,1,0
-119.04,47.57,1,0
-118.94,47.57,1,0
-118.85,47.57,1,0
-118.75,47.57,1,0
-118.65,47.57,1,0
-118.56,47.57,1,0
-118.46,47.57,1,0
-118.36,47.57,1,0
-118.27,47.57,1,0
-118.17,47.57,1,0
-118.08,47.57,1,0
-117.98,47.57,1,0
-117.88,47.57,1,0
-117.79,47.57,1,0
-117.69,47.57,1,0
-117.59,47.57,1,0
-117.5,47.57,1,0
-117.4,47.57,1,0
-117.3,47.57,1,0
-117.21,47.57,1,0
-117.11,47.57,1,0
-124.73,47.48,1,0
-124.64,47.48,1,0
-124.54,47.48,1,0
-124.44,47.48,1,0
-124.35,47.48,0,0
-124.25,47.48,0,0
-124.15,47.48,0,0
-124.06,47.48,0,0
-123.96,47.48,0,0
-123.87,47.48,0,0
-123.77,47.48,0,0
-123.67,47.48,0,0
-123.58,47.48,0,0
-123.48,47.48,0,0
-123.38,47.48,0,0
-123.29,47.48,0,0
-123.19,47.48,0,0
-123.09,47.48,1,0
-123.0,47.48,0,0
-122.9,47.48,1,0
-122.8,47.48,1,0
-122.71,47.48,1,0
-122.61,47.48,1,0
-122.51,47.48,1,0
-122.42,47.48,1,0
-122.32,47.48,1,0
-122.22,47.48,1,0
-122.13,47.48,1,0
-122.03,47.48,1,0
-121.94,47.48,0,0
-121.84,47.48,0,0
-121.74,47.48,1,0
-121.65,47.48,0,0
-121.55,47.48,0,0
-121.45,47.48,0,0
-121.36,47.48,0,0
-121.26,47.48,0,0
-121.16,47.48,0,0
-121.07,47.48,1,0
-120.97,47.48,0,0
-120.87,47.48,0,0
-120.78,47.48,0,0
-120.68,47.48,1,0
-120.58,47.48,1,0
-120.49,47.48,1,0
-120.39,47.48,1,0
-120.29,47.48,1,0
-120.2,47.48,1,0
-120.1,47.48,1,0
-120.01,47.48,1,0
-119.91,47.48,1,0
-119.81,47.48,1,0
-119.72,47.48,1,0
-119.62,47.48,1,0
-119.52,47.48,1,0
-119.43,47.48,1,0
-119.33,47.48,1,0
-119.23,47.48,1,0
-119.14,47.48,1,0
-119.04,47.48,1,0
-118.94,47.48,1,0
-118.85,47.48,1,0
-118.75,47.48,1,0
-118.65,47.48,1,0
-118.56,47.48,1,0
-118.46,47.48,1,0
-118.36,47.48,1,0
-118.27,47.48,1,0
-118.17,47.48,1,0
-118.08,47.48,1,0
-117.98,47.48,1,0
-117.88,47.48,1,0
-117.79,47.48,1,0
-117.69,47.48,1,0
-117.59,47.48,1,0
-117.5,47.48,1,0
-117.4,47.48,1,0
-117.3,47.48,1,0
-117.21,47.48,1,0
-117.11,47.48,1,0
-124.73,47.4,1,0
-124.64,47.4,1,0
-124.54,47.4,1,0
-124.44,47.4,1,0
-124.35,47.4,1,0
-124.25,47.4,0,0
-124.15,47.4,0,0
-124.06,47.4,0,0
-123.96,47.4,0,0
-123.87,47.4,0,0
-123.77,47.4,0,0
-123.67,47.4,0,0
-123.58,47.4,0,0
-123.48,47.4,0,0
-123.38,47.4,0,0
-123.29,47.4,0,0
-123.19,47.4,1,0
-123.09,47.4,0,0
-123.0,47.4,1,0
-122.9,47.4,1,0
-122.8,47.4,1,0
-122.71,47.4,1,0
-122.61,47.4,1,0
-122.51,47.4,1,0
-122.42,47.4,1,0
-122.32,47.4,1,0
-122.22,47.4,1,0
-122.13,47.4,1,0
-122.03,47.4,1,0
-121.94,47.4,1,0
-121.84,47.4,0,0
-121.74,47.4,0,0
-121.65,47.4,0,0
-121.55,47.4,0,0
-121.45,47.4,0,0
-121.36,47.4,0,0
-121.26,47.4,0,0
-121.16,47.4,0,0
-121.07,47.4,0,0
-120.97,47.4,0,0
-120.87,47.4,0,0
-120.78,47.4,0,0
-120.68,47.4,0,0
-120.58,47.4,0,0
-120.49,47.4,1,0
-120.39,47.4,0,0
-120.29,47.4,1,0
-120.2,47.4,1,0
-120.1,47.4,1,0
-120.01,47.4,1,0
-119.91,47.4,1,0
-119.81,47.4,1,0
-119.72,47.4,1,0
-119.62,47.4,1,0
-119.52,47.4,1,0
-119.43,47.4,1,0
-119.33,47.4,1,0
-119.23,47.4,1,0
-119.14,47.4,1,0
-119.04,47.4,1,0
-118.94,47.4,1,0
-118.85,47.4,1,0
-118.75,47.4,1,0
-118.65,47.4,1,0
-118.56,47.4,1,0
-118.46,47.4,1,0
-118.36,47.4,1,0
-118.27,47.4,1,0
-118.17,47.4,1,0
-118.08,47.4,1,0
-117.98,47.4,1,0
-117.88,47.4,1,0
-117.79,47.4,1,0
-117.69,47.4,1,0
-117.59,47.4,1,0
-117.5,47.4,1,0
-117.4,47.4,1,0
-117.3,47.4,1,0
-117.21,47.4,1,0
-117.11,47.4,1,0
-124.73,47.31,1,0
-124.64,47.31,1,0
-124.54,47.31,1,0
-124.44,47.31,1,0
-124.35,47.31,1,0
-124.25,47.31,0,0
-124.15,47.31,0,0
-124.06,47.31,0,0
-123.96,47.31,0,0
-123.87,47.31,0,0
-123.77,47.31,0,0
-123.67,47.31,1,0
-123.58,47.31,1,0
-123.48,47.31,1,0
-123.38,47.31,1,0
-123.29,47.31,1,0
-123.19,47.31,1,0
-123.09,47.31,1,0
-123.0,47.31,1,0
-122.9,47.31,1,0
-122.8,47.31,1,0
-122.71,47.31,1,0
-122.61,47.31,1,0
-122.51,47.31,1,0
-122.42,47.31,1,0
-122.32,47.31,1,0
-122.22,47.31,1,0
-122.13,47.31,1,0
-122.03,47.31,1,0
-121.94,47.31,1,0
-121.84,47.31,0,0
-121.74,47.31,0,0
-121.65,47.31,0,0
-121.55,47.31,0,0
-121.45,47.31,0,0
-121.36,47.31,0,0
-121.26,47.31,0,0
-121.16,47.31,0,0
-121.07,47.31,0,0
-120.97,47.31,0,0
-120.87,47.31,1,0
-120.78,47.31,0,0
-120.68,47.31,1,0
-120.58,47.31,0,0
-120.49,47.31,1,0
-120.39,47.31,1,0
-120.29,47.31,1,0
-120.2,47.31,1,0
-120.1,47.31,1,0
-120.01,47.31,1,0
-119.91,47.31,1,0
-119.81,47.31,1,0
-119.72,47.31,1,0
-119.62,47.31,1,0
-119.52,47.31,1,0
-119.43,47.31,1,0
-119.33,47.31,1,0
-119.23,47.31,1,0
-119.14,47.31,1,0
-119.04,47.31,1,0
-118.94,47.31,1,0
-118.85,47.31,1,0
-118.75,47.31,1,0
-118.65,47.31,1,0
-118.56,47.31,1,0
-118.46,47.31,1,0
-118.36,47.31,1,0
-118.27,47.31,1,0
-118.17,47.31,1,0
-118.08,47.31,1,0
-117.98,47.31,1,0
-117.88,47.31,1,0
-117.79,47.31,1,0
-117.69,47.31,1,0
-117.59,47.31,1,0
-117.5,47.31,1,0
-117.4,47.31,1,0
-117.3,47.31,1,0
-117.21,47.31,1,0
-117.11,47.31,1,0
-124.73,47.23,1,0
-124.64,47.23,1,0
-124.54,47.23,1,0
-124.44,47.23,1,0
-124.35,47.23,1,0
-124.25,47.23,1,0
-124.15,47.23,0,0
-124.06,47.23,0,0
-123.96,47.23,1,0
-123.87,47.23,1,0
-123.77,47.23,1,0
-123.67,47.23,1,0
-123.58,47.23,1,0
-123.48,47.23,1,0
-123.38,47.23,1,0
-123.29,47.23,1,0
-123.19,47.23,1,0
-123.09,47.23,1,0
-123.0,47.23,1,0
-122.9,47.23,1,0
-122.8,47.23,1,0
-122.71,47.23,1,0
-122.61,47.23,1,0
-122.51,47.23,1,0
-122.42,47.23,1,0
-122.32,47.23,1,0
-122.22,47.23,1,0
-122.13,47.23,1,0
-122.03,47.23,1,0
-121.94,47.23,1,0
-121.84,47.23,0,0
-121.74,47.23,0,0
-121.65,47.23,1,0
-121.55,47.23,0,0
-121.45,47.23,1,0
-121.36,47.23,0,0
-121.26,47.23,0,0
-121.16,47.23,0,0
-121.07,47.23,1,0
-120.97,47.23,0,0
-120.87,47.23,1,0
-120.78,47.23,1,0
-120.68,47.23,0,0
-120.58,47.23,1,0
-120.49,47.23,1,0
-120.39,47.23,1,0
-120.29,47.23,1,0
-120.2,47.23,1,0
-120.1,47.23,1,0
-120.01,47.23,1,0
-119.91,47.23,1,0
-119.81,47.23,1,0
-119.72,47.23,1,0
-119.62,47.23,1,0
-119.52,47.23,1,0
-119.43,47.23,1,0
-119.33,47.23,1,0
-119.23,47.23,1,0
-119.14,47.23,1,0
-119.04,47.23,1,0
-118.94,47.23,1,0
-118.85,47.23,1,0
-118.75,47.23,1,0
-118.65,47.23,1,0
-118.56,47.23,1,0
-118.46,47.23,1,0
-118.36,47.23,1,0
-118.27,47.23,1,0
-118.17,47.23,1,0
-118.08,47.23,1,0
-117.98,47.23,1,0
-117.88,47.23,1,0
-117.79,47.23,1,0
-117.69,47.23,1,0
-117.59,47.23,1,0
-117.5,47.23,1,0
-117.4,47.23,1,0
-117.3,47.23,1,0
-117.21,47.23,1,0
-117.11,47.23,1,0
-124.73,47.15,1,0
-124.64,47.15,1,0
-124.54,47.15,1,0
-124.44,47.15,1,0
-124.35,47.15,1,0
-124.25,47.15,1,0
-124.15,47.15,0,0
-124.06,47.15,0,0
-123.96,47.15,0,0
-123.87,47.15,1,0
-123.77,47.15,1,0
-123.67,47.15,1,0
-123.58,47.15,1,0
-123.48,47.15,1,0
-123.38,47.15,1,0
-123.29,47.15,1,0
-123.19,47.15,0,0
-123.09,47.15,1,0
-123.0,47.15,1,0
-122.9,47.15,1,0
-122.8,47.15,1,0
-122.71,47.15,1,0
-122.61,47.15,1,0
-122.51,47.15,1,0
-122.42,47.15,1,0
-122.32,47.15,1,0
-122.22,47.15,1,0
-122.13,47.15,1,0
-122.03,47.15,1,0
-121.94,47.15,0,0
-121.84,47.15,0,0
-121.74,47.15,0,0
-121.65,47.15,0,0
-121.55,47.15,0,0
-121.45,47.15,0,0
-121.36,47.15,0,0
-121.26,47.15,0,0
-121.16,47.15,0,0
-121.07,47.15,0,0
-120.97,47.15,0,0
-120.87,47.15,0,0
-120.78,47.15,1,0
-120.68,47.15,1,0
-120.58,47.15,1,0
-120.49,47.15,1,0
-120.39,47.15,1,0
-120.29,47.15,1,0
-120.2,47.15,1,0
-120.1,47.15,1,0
-120.01,47.15,1,0
-119.91,47.15,1,0
-119.81,47.15,1,0
-119.72,47.15,1,0
-119.62,47.15,1,0
-119.52,47.15,1,0
-119.43,47.15,1,0
-119.33,47.15,1,0
-119.23,47.15,1,0
-119.14,47.15,1,0
-119.04,47.15,1,0
-118.94,47.15,1,0
-118.85,47.15,1,0
-118.75,47.15,1,0
-118.65,47.15,1,0
-118.56,47.15,1,0
-118.46,47.15,1,0
-118.36,47.15,1,0
-118.27,47.15,1,0
-118.17,47.15,1,0
-118.08,47.15,1,0
-117.98,47.15,1,0
-117.88,47.15,1,0
-117.79,47.15,1,0
-117.69,47.15,1,0
-117.59,47.15,1,0
-117.5,47.15,1,0
-117.4,47.15,1,0
-117.3,47.15,1,0
-117.21,47.15,1,0
-117.11,47.15,1,0
-124.73,47.06,1,0
-124.64,47.06,1,0
-124.54,47.06,1,0
-124.44,47.06,1,0
-124.35,47.06,1,0
-124.25,47.06,1,0
-124.15,47.06,1,0
-124.06,47.06,1,0
-123.96,47.06,0,0
-123.87,47.06,0,0
-123.77,47.06,0,0
-123.67,47.06,1,0
-123.58,47.06,1,0
-123.48,47.06,1,0
-123.38,47.06,1,0
-123.29,47.06,1,0
-123.19,47.06,0,0
-123.09,47.06,0,0
-123.0,47.06,1,0
-122.9,47.06,1,0
-122.8,47.06,1,0
-122.71,47.06,1,0
-122.61,47.06,1,0
-122.51,47.06,1,0
-122.42,47.06,1,0
-122.32,47.06,1,0
-122.22,47.06,1,0
-122.13,47.06,0,0
-122.03,47.06,0,0
-121.94,47.06,0,0
-121.84,47.06,0,0
-121.74,47.06,0,0
-121.65,47.06,0,0
-121.55,47.06,0,0
-121.45,47.06,0,0
-121.36,47.06,0,0
-121.26,47.06,0,0
-121.16,47.06,0,0
-121.07,47.06,0,0
-120.97,47.06,1,0
-120.87,47.06,0,0
-120.78,47.06,1,0
-120.68,47.06,1,0
-120.58,47.06,1,0
-120.49,47.06,1,0
-120.39,47.06,1,0
-120.29,47.06,1,0
-120.2,47.06,1,0
-120.1,47.06,1,0
-120.01,47.06,1,0
-119.91,47.06,1,0
-119.81,47.06,1,0
-119.72,47.06,1,0
-119.62,47.06,1,0
-119.52,47.06,1,0
-119.43,47.06,1,0
-119.33,47.06,1,0
-119.23,47.06,1,0
-119.14,47.06,1,0
-119.04,47.06,1,0
-118.94,47.06,1,0
-118.85,47.06,1,0
-118.75,47.06,1,0
-118.65,47.06,1,0
-118.56,47.06,1,0
-118.46,47.06,1,0
-118.36,47.06,1,0
-118.27,47.06,1,0
-118.17,47.06,1,0
-118.08,47.06,1,0
-117.98,47.06,1,0
-117.88,47.06,1,0
-117.79,47.06,1,0
-117.69,47.06,1,0
-117.59,47.06,1,0
-117.5,47.06,1,0
-117.4,47.06,1,0
-117.3,47.06,1,0
-117.21,47.06,1,0
-117.11,47.06,1,0
-124.73,46.98,1,0
-124.64,46.98,1,0
-124.54,46.98,1,0
-124.44,46.98,1,0
-124.35,46.98,1,0
-124.25,46.98,1,0
-124.15,46.98,1,0
-124.06,46.98,1,0
-123.96,46.98,0,0
-123.87,46.98,0,0
-123.77,46.98,1,0
-123.67,46.98,1,0
-123.58,46.98,1,0
-123.48,46.98,1,0
-123.38,46.98,1,0
-123.29,46.98,1,0
-123.19,46.98,0,0
-123.09,46.98,1,0
-123.0,46.98,1,0
-122.9,46.98,1,0
-122.8,46.98,1,0
-122.71,46.98,1,0
-122.61,46.98,1,0
-122.51,46.98,1,0
-122.42,46.98,1,0
-122.32,46.98,1,0
-122.22,46.98,0,0
-122.13,46.98,0,0
-122.03,46.98,0,0
-121.94,46.98,0,0
-121.84,46.98,0,0
-121.74,46.98,0,0
-121.65,46.98,0,0
-121.55,46.98,0,0
-121.45,46.98,0,0
-121.36,46.98,0,0
-121.26,46.98,0,0
-121.16,46.98,1,0
-121.07,46.98,1,0
-120.97,46.98,1,0
-120.87,46.98,0,0
-120.78,46.98,1,0
-120.68,46.98,1,0
-120.58,46.98,1,0
-120.49,46.98,1,0
-120.39,46.98,1,0
-120.29,46.98,1,0
-120.2,46.98,1,0
-120.1,46.98,1,0
-120.01,46.98,1,0
-119.91,46.98,1,0
-119.81,46.98,1,0
-119.72,46.98,1,0
-119.62,46.98,1,0
-119.52,46.98,1,0
-119.43,46.98,1,0
-119.33,46.98,1,0
-119.23,46.98,1,0
-119.14,46.98,1,0
-119.04,46.98,1,0
-118.94,46.98,1,0
-118.85,46.98,1,0
-118.75,46.98,1,0
-118.65,46.98,1,0
-118.56,46.98,1,0
-118.46,46.98,1,0
-118.36,46.98,1,0
-118.27,46.98,1,0
-118.17,46.98,1,0
-118.08,46.98,1,0
-117.98,46.98,1,0
-117.88,46.98,1,0
-117.79,46.98,1,0
-117.69,46.98,1,0
-117.59,46.98,1,0
-117.5,46.98,1,0
-117.4,46.98,1,0
-117.3,46.98,1,0
-117.21,46.98,1,0
-117.11,46.98,1,0
-124.73,46.89,1,0
-124.64,46.89,1,0
-124.54,46.89,1,0
-124.44,46.89,1,0
-124.35,46.89,1,0
-124.25,46.89,1,0
-124.15,46.89,1,0
-124.06,46.89,0,0
-123.96,46.89,0,0
-123.87,46.89,0,0
-123.77,46.89,0,0
-123.67,46.89,0,0
-123.58,46.89,0,0
-123.48,46.89,0,0
-123.38,46.89,0,0
-123.29,46.89,1,0
-123.19,46.89,0,0
-123.09,46.89,1,0
-123.0,46.89,1,0
-122.9,46.89,1,0
-122.8,46.89,1,0
-122.71,46.89,1,0
-122.61,46.89,1,0
-122.51,46.89,1,0
-122.42,46.89,1,0
-122.32,46.89,1,0
-122.22,46.89,0,0
-122.13,46.89,0,0
-122.03,46.89,0,0
-121.94,46.89,0,0
-121.84,46.89,0,0
-121.74,46.89,0,0
-121.65,46.89,0,0
-121.55,46.89,0,0
-121.45,46.89,0,0
-121.36,46.89,0,0
-121.26,46.89,0,0
-121.16,46.89,0,0
-121.07,46.89,1,0
-120.97,46.89,1,0
-120.87,46.89,1,0
-120.78,46.89,1,0
-120.68,46.89,1,0
-120.58,46.89,1,0
-120.49,46.89,1,0
-120.39,46.89,1,0
-120.29,46.89,1,0
-120.2,46.89,1,0
-120.1,46.89,1,0
-120.01,46.89,1,0
-119.91,46.89,1,0
-119.81,46.89,1,0
-119.72,46.89,1,0
-119.62,46.89,1,0
-119.52,46.89,1,0
-119.43,46.89,1,0
-119.33,46.89,1,0
-119.23,46.89,1,0
-119.14,46.89,1,0
-119.04,46.89,1,0
-118.94,46.89,1,0
-118.85,46.89,1,0
-118.75,46.89,1,0
-118.65,46.89,1,0
-118.56,46.89,1,0
-118.46,46.89,1,0
-118.36,46.89,1,0
-118.27,46.89,1,0
-118.17,46.89,1,0
-118.08,46.89,1,0
-117.98,46.89,1,0
-117.88,46.89,1,0
-117.79,46.89,1,0
-117.69,46.89,1,0
-117.59,46.89,1,0
-117.5,46.89,1,0
-117.4,46.89,1,0
-117.3,46.89,1,0
-117.21,46.89,1,0
-117.11,46.89,1,0
-124.73,46.81,1,0
-124.64,46.81,1,0
-124.54,46.81,1,0
-124.44,46.81,1,0
-124.35,46.81,1,0
-124.25,46.81,1,0
-124.15,46.81,1,0
-124.06,46.81,0,0
-123.96,46.81,0,0
-123.87,46.81,0,0
-123.77,46.81,0,0
-123.67,46.81,0,0
-123.58,46.81,0,0
-123.48,46.81,0,0
-123.38,46.81,0,0
-123.29,46.81,1,0
-123.19,46.81,1,0
-123.09,46.81,1,0
-123.0,46.81,1,0
-122.9,46.81,1,0
-122.8,46.81,1,0
-122.71,46.81,0,0
-122.61,46.81,0,0
-122.51,46.81,0,0
-122.42,46.81,0,0
-122.32,46.81,0,0
-122.22,46.81,1,0
-122.13,46.81,0,0
-122.03,46.81,0,0
-121.94,46.81,0,0
-121.84,46.81,0,0
-121.74,46.81,0,0
-121.65,46.81,0,0
-121.55,46.81,0,0
-121.45,46.81,0,0
-121.36,46.81,0,0
-121.26,46.81,0,0
-121.16,46.81,0,0
-121.07,46.81,0,0
-120.97,46.81,0,0
-120.87,46.81,1,0
-120.78,46.81,1,0
-120.68,46.81,1,0
-120.58,46.81,1,0
-120.49,46.81,1,0
-120.39,46.81,1,0
-120.29,46.81,1,0
-120.2,46.81,1,0
-120.1,46.81,1,0
-120.01,46.81,1,0
-119.91,46.81,1,0
-119.81,46.81,1,0
-119.72,46.81,1,0
-119.62,46.81,1,0
-119.52,46.81,1,0
-119.43,46.81,1,0
-119.33,46.81,1,0
-119.23,46.81,1,0
-119.14,46.81,1,0
-119.04,46.81,1,0
-118.94,46.81,1,0
-118.85,46.81,1,0
-118.75,46.81,1,0
-118.65,46.81,1,0
-118.56,46.81,1,0
-118.46,46.81,1,0
-118.36,46.81,1,0
-118.27,46.81,1,0
-118.17,46.81,1,0
-118.08,46.81,1,0
-117.98,46.81,1,0
-117.88,46.81,1,0
-117.79,46.81,1,0
-117.69,46.81,1,0
-117.59,46.81,1,0
-117.5,46.81,1,0
-117.4,46.81,1,0
-117.3,46.81,1,0
-117.21,46.81,1,0
-117.11,46.81,1,0
-124.73,46.72,1,0
-124.64,46.72,1,0
-124.54,46.72,1,0
-124.44,46.72,1,0
-124.35,46.72,1,0
-124.25,46.72,1,0
-124.15,46.72,1,0
-124.06,46.72,1,0
-123.96,46.72,1,0
-123.87,46.72,0,0
-123.77,46.72,1,0
-123.67,46.72,0,0
-123.58,46.72,0,0
-123.48,46.72,0,0
-123.38,46.72,0,0
-123.29,46.72,0,0
-123.19,46.72,1,0
-123.09,46.72,1,0
-123.0,46.72,1,0
-122.9,46.72,1,0
-122.8,46.72,1,0
-122.71,46.72,0,0
-122.61,46.72,0,0
-122.51,46.72,0,0
-122.42,46.72,0,0
-122.32,46.72,0,0
-122.22,46.72,0,0
-122.13,46.72,0,0
-122.03,46.72,0,0
-121.94,46.72,0,0
-121.84,46.72,0,0
-121.74,46.72,0,0
-121.65,46.72,0,0
-121.55,46.72,0,0
-121.45,46.72,0,0
-121.36,46.72,0,0
-121.26,46.72,0,0
-121.16,46.72,1,0
-121.07,46.72,1,0
-120.97,46.72,1,0
-120.87,46.72,1,0
-120.78,46.72,1,0
-120.68,46.72,1,0
-120.58,46.72,1,0
-120.49,46.72,1,0
-120.39,46.72,1,0
-120.29,46.72,1,0
-120.2,46.72,1,0
-120.1,46.72,1,0
-120.01,46.72,1,0
-119.91,46.72,1,0
-119.81,46.72,1,0
-119.72,46.72,1,0
-119.62,46.72,1,0
-119.52,46.72,1,0
-119.43,46.72,1,0
-119.33,46.72,1,0
-119.23,46.72,1,0
-119.14,46.72,1,0
-119.04,46.72,1,0
-118.94,46.72,1,0
-118.85,46.72,1,0
-118.75,46.72,1,0
-118.65,46.72,1,0
-118.56,46.72,1,0
-118.46,46.72,1,0
-118.36,46.72,1,0
-118.27,46.72,1,0
-118.17,46.72,1,0
-118.08,46.72,1,0
-117.98,46.72,1,0
-117.88,46.72,1,0
-117.79,46.72,1,0
-117.69,46.72,1,0
-117.59,46.72,1,0
-117.5,46.72,1,0
-117.4,46.72,1,0
-117.3,46.72,1,0
-117.21,46.72,1,0
-117.11,46.72,1,0
-124.73,46.64,1,0
-124.64,46.64,1,0
-124.54,46.64,1,0
-124.44,46.64,1,0
-124.35,46.64,1,0
-124.25,46.64,1,0
-124.15,46.64,1,0
-124.06,46.64,1,0
-123.96,46.64,1,0
-123.87,46.64,0,0
-123.77,46.64,0,0
-123.67,46.64,1,0
-123.58,46.64,0,0
-123.48,46.64,0,0
-123.38,46.64,0,0
-123.29,46.64,1,0
-123.19,46.64,1,0
-123.09,46.64,1,0
-123.0,46.64,1,0
-122.9,46.64,1,0
-122.8,46.64,1,0
-122.71,46.64,1,0
-122.61,46.64,1,0
-122.51,46.64,0,0
-122.42,46.64,0,0
-122.32,46.64,0,0
-122.22,46.64,0,0
-122.13,46.64,0,0
-122.03,46.64,0,0
-121.94,46.64,0,0
-121.84,46.64,0,0
-121.74,46.64,0,0
-121.65,46.64,1,0
-121.55,46.64,0,0
-121.45,46.64,0,0
-121.36,46.64,0,0
-121.26,46.64,0,0
-121.16,46.64,1,0
-121.07,46.64,1,0
-120.97,46.64,1,0
-120.87,46.64,1,0
-120.78,46.64,1,0
-120.68,46.64,1,0
-120.58,46.64,1,0
-120.49,46.64,1,0
-120.39,46.64,1,0
-120.29,46.64,1,0
-120.2,46.64,1,0
-120.1,46.64,1,0
-120.01,46.64,1,0
-119.91,46.64,1,0
-119.81,46.64,1,0
-119.72,46.64,1,0
-119.62,46.64,1,0
-119.52,46.64,1,0
-119.43,46.64,1,0
-119.33,46.64,1,0
-119.23,46.64,1,0
-119.14,46.64,1,0
-119.04,46.64,1,0
-118.94,46.64,1,0
-118.85,46.64,1,0
-118.75,46.64,1,0
-118.65,46.64,1,0
-118.56,46.64,1,0
-118.46,46.64,1,0
-118.36,46.64,1,0
-118.27,46.64,1,0
-118.17,46.64,1,0
-118.08,46.64,1,0
-117.98,46.64,1,0
-117.88,46.64,1,0
-117.79,46.64,1,0
-117.69,46.64,1,0
-117.59,46.64,1,0
-117.5,46.64,1,0
-117.4,46.64,1,0
-117.3,46.64,1,0
-117.21,46.64,1,0
-117.11,46.64,1,0
-124.73,46.56,1,0
-124.64,46.56,1,0
-124.54,46.56,1,0
-124.44,46.56,1,0
-124.35,46.56,1,0
-124.25,46.56,1,0
-124.15,46.56,1,0
-124.06,46.56,0,0
-123.96,46.56,1,0
-123.87,46.56,1,0
-123.77,46.56,0,0
-123.67,46.56,0,0
-123.58,46.56,0,0
-123.48,46.56,0,0
-123.38,46.56,0,0
-123.29,46.56,1,0
-123.19,46.56,1,0
-123.09,46.56,1,0
-123.0,46.56,1,0
-122.9,46.56,1,0
-122.8,46.56,1,0
-122.71,46.56,1,0
-122.61,46.56,1,0
-122.51,46.56,1,0
-122.42,46.56,1,0
-122.32,46.56,0,0
-122.22,46.56,0,0
-122.13,46.56,1,0
-122.03,46.56,1,0
-121.94,46.56,1,0
-121.84,46.56,1,0
-121.74,46.56,0,0
-121.65,46.56,0,0
-121.55,46.56,0,0
-121.45,46.56,0,0
-121.36,46.56,0,0
-121.26,46.56,0,0
-121.16,46.56,1,0
-121.07,46.56,1,0
-120.97,46.56,1,0
-120.87,46.56,1,0
-120.78,46.56,1,0
-120.68,46.56,1,0
-120.58,46.56,1,0
-120.49,46.56,1,0
-120.39,46.56,1,0
-120.29,46.56,1,0
-120.2,46.56,1,0
-120.1,46.56,1,0
-120.01,46.56,1,0
-119.91,46.56,1,0
-119.81,46.56,1,0
-119.72,46.56,1,0
-119.62,46.56,1,0
-119.52,46.56,1,0
-119.43,46.56,1,0
-119.33,46.56,1,0
-119.23,46.56,1,0
-119.14,46.56,1,0
-119.04,46.56,1,0
-118.94,46.56,1,0
-118.85,46.56,1,0
-118.75,46.56,1,0
-118.65,46.56,1,0
-118.56,46.56,1,0
-118.46,46.56,1,0
-118.36,46.56,1,0
-118.27,46.56,1,0
-118.17,46.56,1,0
-118.08,46.56,1,0
-117.98,46.56,1,0
-117.88,46.56,1,0
-117.79,46.56,1,0
-117.69,46.56,1,0
-117.59,46.56,1,0
-117.5,46.56,1,0
-117.4,46.56,1,0
-117.3,46.56,1,0
-117.21,46.56,1,0
-117.11,46.56,1,0
-124.73,46.47,1,0
-124.64,46.47,1,0
-124.54,46.47,1,0
-124.44,46.47,1,0
-124.35,46.47,1,0
-124.25,46.47,1,0
-124.15,46.47,1,0
-124.06,46.47,1,0
-123.96,46.47,1,0
-123.87,46.47,1,0
-123.77,46.47,0,0
-123.67,46.47,0,0
-123.58,46.47,0,0
-123.48,46.47,0,0
-123.38,46.47,0,0
-123.29,46.47,0,0
-123.19,46.47,0,0
-123.09,46.47,1,0
-123.0,46.47,1,0
-122.9,46.47,1,0
-122.8,46.47,1,0
-122.71,46.47,1,0
-122.61,46.47,1,0
-122.51,46.47,0,0
-122.42,46.47,0,0
-122.32,46.47,0,0
-122.22,46.47,0,0
-122.13,46.47,0,0
-122.03,46.47,0,0
-121.94,46.47,0,0
-121.84,46.47,0,0
-121.74,46.47,1,0
-121.65,46.47,0,0
-121.55,46.47,0,0
-121.45,46.47,0,0
-121.36,46.47,0,0
-121.26,46.47,0,0
-121.16,46.47,0,0
-121.07,46.47,1,0
-120.97,46.47,1,0
-120.87,46.47,1,0
-120.78,46.47,1,0
-120.68,46.47,1,0
-120.58,46.47,1,0
-120.49,46.47,1,0
-120.39,46.47,1,0
-120.29,46.47,1,0
-120.2,46.47,1,0
-120.1,46.47,1,0
-120.01,46.47,1,0
-119.91,46.47,1,0
-119.81,46.47,1,0
-119.72,46.47,1,0
-119.62,46.47,1,0
-119.52,46.47,1,0
-119.43,46.47,1,0
-119.33,46.47,1,0
-119.23,46.47,1,0
-119.14,46.47,1,0
-119.04,46.47,1,0
-118.94,46.47,1,0
-118.85,46.47,1,0
-118.75,46.47,1,0
-118.65,46.47,1,0
-118.56,46.47,1,0
-118.46,46.47,1,0
-118.36,46.47,1,0
-118.27,46.47,1,0
-118.17,46.47,1,0
-118.08,46.47,1,0
-117.98,46.47,1,0
-117.88,46.47,1,0
-117.79,46.47,1,0
-117.69,46.47,1,0
-117.59,46.47,1,0
-117.5,46.47,1,0
-117.4,46.47,1,0
-117.3,46.47,1,0
-117.21,46.47,1,0
-117.11,46.47,1,0
-124.73,46.39,1,0
-124.64,46.39,1,0
-124.54,46.39,1,0
-124.44,46.39,1,0
-124.35,46.39,1,0
-124.25,46.39,1,0
-124.15,46.39,1,0
-124.06,46.39,1,0
-123.96,46.39,1,0
-123.87,46.39,1,0
-123.77,46.39,1,0
-123.67,46.39,1,0
-123.58,46.39,1,0
-123.48,46.39,0,0
-123.38,46.39,0,0
-123.29,46.39,0,0
-123.19,46.39,1,0
-123.09,46.39,1,0
-123.0,46.39,0,0
-122.9,46.39,1,0
-122.8,46.39,1,0
-122.71,46.39,1,0
-122.61,46.39,0,0
-122.51,46.39,1,0
-122.42,46.39,0,0
-122.32,46.39,0,0
-122.22,46.39,0,0
-122.13,46.39,0,0
-122.03,46.39,0,0
-121.94,46.39,0,0
-121.84,46.39,0,0
-121.74,46.39,1,0
-121.65,46.39,0,0
-121.55,46.39,0,0
-121.45,46.39,0,0
-121.36,46.39,0,0
-121.26,46.39,0,0
-121.16,46.39,0,0
-121.07,46.39,1,0
-120.97,46.39,1,0
-120.87,46.39,1,0
-120.78,46.39,1,0
-120.68,46.39,1,0
-120.58,46.39,1,0
-120.49,46.39,1,0
-120.39,46.39,1,0
-120.29,46.39,1,0
-120.2,46.39,1,0
-120.1,46.39,1,0
-120.01,46.39,1,0
-119.91,46.39,1,0
-119.81,46.39,1,0
-119.72,46.39,1,0
-119.62,46.39,1,0
-119.52,46.39,1,0
-119.43,46.39,1,0
-119.33,46.39,1,0
-119.23,46.39,1,0
-119.14,46.39,1,0
-119.04,46.39,1,0
-118.94,46.39,1,0
-118.85,46.39,1,0
-118.75,46.39,1,0
-118.65,46.39,1,0
-118.56,46.39,1,0
-118.46,46.39,1,0
-118.36,46.39,1,0
-118.27,46.39,1,0
-118.17,46.39,1,0
-118.08,46.39,1,0
-117.98,46.39,1,0
-117.88,46.39,1,0
-117.79,46.39,1,0
-117.69,46.39,1,0
-117.59,46.39,1,0
-117.5,46.39,1,0
-117.4,46.39,1,0
-117.3,46.39,1,0
-117.21,46.39,1,0
-117.11,46.39,1,0
-124.73,46.3,1,0
-124.64,46.3,1,0
-124.54,46.3,1,0
-124.44,46.3,1,0
-124.35,46.3,1,0
-124.25,46.3,1,0
-124.15,46.3,1,0
-124.06,46.3,1,0
-123.96,46.3,1,0
-123.87,46.3,1,0
-123.77,46.3,1,0
-123.67,46.3,0,0
-123.58,46.3,0,0
-123.48,46.3,1,0
-123.38,46.3,1,0
-123.29,46.3,1,0
-123.19,46.3,0,0
-123.09,46.3,0,0
-123.0,46.3,1,0
-122.9,46.3,1,0
-122.8,46.3,1,0
-122.71,46.3,0,0
-122.61,46.3,1,0
-122.51,46.3,0,0
-122.42,46.3,0,0
-122.32,46.3,0,0
-122.22,46.3,0,0
-122.13,46.3,0,0
-122.03,46.3,0,0
-121.94,46.3,0,0
-121.84,46.3,0,0
-121.74,46.3,0,0
-121.65,46.3,0,0
-121.55,46.3,0,0
-121.45,46.3,0,0
-121.36,46.3,0,0
-121.26,46.3,0,0
-121.16,46.3,1,0
-121.07,46.3,1,0
-120.97,46.3,1,0
-120.87,46.3,1,0
-120.78,46.3,1,0
-120.68,46.3,1,0
-120.58,46.3,1,0
-120.49,46.3,1,0
-120.39,46.3,1,0
-120.29,46.3,1,0
-120.2,46.3,1,0
-120.1,46.3,1,0
-120.01,46.3,1,0
-119.91,46.3,1,0
-119.81,46.3,1,0
-119.72,46.3,1,0
-119.62,46.3,1,0
-119.52,46.3,1,0
-119.43,46.3,1,0
-119.33,46.3,1,0
-119.23,46.3,1,0
-119.14,46.3,1,0
-119.04,46.3,1,0
-118.94,46.3,1,0
-118.85,46.3,1,0
-118.75,46.3,1,0
-118.65,46.3,1,0
-118.56,46.3,1,0
-118.46,46.3,1,0
-118.36,46.3,1,0
-118.27,46.3,1,0
-118.17,46.3,1,0
-118.08,46.3,1,0
-117.98,46.3,1,0
-117.88,46.3,1,0
-117.79,46.3,1,0
-117.69,46.3,1,0
-117.59,46.3,1,0
-117.5,46.3,1,0
-117.4,46.3,1,0
-117.3,46.3,1,0
-117.21,46.3,1,0
-117.11,46.3,1,0
-124.73,46.22,1,0
-124.64,46.22,1,0
-124.54,46.22,1,0
-124.44,46.22,1,0
-124.35,46.22,1,0
-124.25,46.22,1,0
-124.15,46.22,1,0
-124.06,46.22,1,0
-123.96,46.22,1,0
-123.87,46.22,1,0
-123.77,46.22,1,0
-123.67,46.22,1,0
-123.58,46.22,1,0
-123.48,46.22,0,0
-123.38,46.22,1,0
-123.29,46.22,0,0
-123.19,46.22,1,0
-123.09,46.22,1,0
-123.0,46.22,1,0
-122.9,46.22,1,0
-122.8,46.22,1,0
-122.71,46.22,1,0
-122.61,46.22,0,0
-122.51,46.22,0,0
-122.42,46.22,0,0
-122.32,46.22,0,0
-122.22,46.22,0,0
-122.13,46.22,0,0
-122.03,46.22,0,0
-121.94,46.22,0,0
-121.84,46.22,0,0
-121.74,46.22,0,0
-121.65,46.22,0,0
-121.55,46.22,0,0
-121.45,46.22,0,0
-121.36,46.22,0,0
-121.26,46.22,0,0
-121.16,46.22,1,0
-121.07,46.22,1,0
-120.97,46.22,1,0
-120.87,46.22,1,0
-120.78,46.22,1,0
-120.68,46.22,1,0
-120.58,46.22,1,0
-120.49,46.22,1,0
-120.39,46.22,1,0
-120.29,46.22,1,0
-120.2,46.22,1,0
-120.1,46.22,1,0
-120.01,46.22,1,0
-119.91,46.22,1,0
-119.81,46.22,1,0
-119.72,46.22,1,0
-119.62,46.22,1,0
-119.52,46.22,1,0
-119.43,46.22,1,0
-119.33,46.22,1,0
-119.23,46.22,1,0
-119.14,46.22,1,0
-119.04,46.22,1,0
-118.94,46.22,1,0
-118.85,46.22,1,0
-118.75,46.22,1,0
-118.65,46.22,1,0
-118.56,46.22,1,0
-118.46,46.22,1,0
-118.36,46.22,1,0
-118.27,46.22,1,0
-118.17,46.22,1,0
-118.08,46.22,1,0
-117.98,46.22,1,0
-117.88,46.22,1,0
-117.79,46.22,0,0
-117.69,46.22,1,0
-117.59,46.22,0,0
-117.5,46.22,0,0
-117.4,46.22,0,0
-117.3,46.22,1,0
-117.21,46.22,1,0
-117.11,46.22,1,0
-124.73,46.13,1,0
-124.64,46.13,1,0
-124.54,46.13,1,0
-124.44,46.13,1,0
-124.35,46.13,1,0
-124.25,46.13,1,0
-124.15,46.13,1,0
-124.06,46.13,1,0
-123.96,46.13,1,0
-123.87,46.13,1,0
-123.77,46.13,0,0
-123.67,46.13,0,0
-123.58,46.13,0,0
-123.48,46.13,0,0
-123.38,46.13,0,0
-123.29,46.13,1,0
-123.19,46.13,1,0
-123.09,46.13,1,0
-123.0,46.13,1,0
-122.9,46.13,1,0
-122.8,46.13,1,0
-122.71,46.13,0,0
-122.61,46.13,0,0
-122.51,46.13,0,0
-122.42,46.13,0,0
-122.32,46.13,0,0
-122.22,46.13,0,0
-122.13,46.13,0,0
-122.03,46.13,0,0
-121.94,46.13,0,0
-121.84,46.13,0,0
-121.74,46.13,0,0
-121.65,46.13,0,0
-121.55,46.13,0,0
-121.45,46.13,0,0
-121.36,46.13,0,0
-121.26,46.13,1,0
-121.16,46.13,1,0
-121.07,46.13,1,0
-120.97,46.13,1,0
-120.87,46.13,1,0
-120.78,46.13,1,0
-120.68,46.13,1,0
-120.58,46.13,1,0
-120.49,46.13,1,0
-120.39,46.13,1,0
-120.29,46.13,1,0
-120.2,46.13,1,0
-120.1,46.13,1,0
-120.01,46.13,1,0
-119.91,46.13,1,0
-119.81,46.13,1,0
-119.72,46.13,1,0
-119.62,46.13,1,0
-119.52,46.13,1,0
-119.43,46.13,1,0
-119.33,46.13,1,0
-119.23,46.13,1,0
-119.14,46.13,1,0
-119.04,46.13,1,0
-118.94,46.13,1,0
-118.85,46.13,1,0
-118.75,46.13,1,0
-118.65,46.13,1,0
-118.56,46.13,1,0
-118.46,46.13,1,0
-118.36,46.13,1,0
-118.27,46.13,1,0
-118.17,46.13,1,0
-118.08,46.13,1,0
-117.98,46.13,1,0
-117.88,46.13,0,0
-117.79,46.13,0,0
-117.69,46.13,0,0
-117.59,46.13,0,0
-117.5,46.13,0,0
-117.4,46.13,1,0
-117.3,46.13,0,0
-117.21,46.13,1,0
-117.11,46.13,1,0
-124.73,46.05,1,0
-124.64,46.05,1,0
-124.54,46.05,1,0
-124.44,46.05,1,0
-124.35,46.05,1,0
-124.25,46.05,1,0
-124.15,46.05,1,0
-124.06,46.05,1,0
-123.96,46.05,1,0
-123.87,46.05,0,0
-123.77,46.05,0,0
-123.67,46.05,0,0
-123.58,46.05,0,0
-123.48,46.05,0,0
-123.38,46.05,1,0
-123.29,46.05,0,0
-123.19,46.05,0,0
-123.09,46.05,1,0
-123.0,46.05,1,0
-122.9,46.05,1,0
-122.8,46.05,1,0
-122.71,46.05,1,0
-122.61,46.05,0,0
-122.51,46.05,1,0
-122.42,46.05,0,0
-122.32,46.05,0,0
-122.22,46.05,0,0
-122.13,46.05,0,0
-122.03,46.05,0,0
-121.94,46.05,0,0
-121.84,46.05,0,0
-121.74,46.05,0,0
-121.65,46.05,0,0
-121.55,46.05,1,0
-121.45,46.05,0,0
-121.36,46.05,1,0
-121.26,46.05,1,0
-121.16,46.05,1,0
-121.07,46.05,1,0
-120.97,46.05,1,0
-120.87,46.05,0,0
-120.78,46.05,1,0
-120.68,46.05,1,0
-120.58,46.05,1,0
-120.49,46.05,1,0
-120.39,46.05,1,0
-120.29,46.05,1,0
-120.2,46.05,1,0
-120.1,46.05,1,0
-120.01,46.05,1,0
-119.91,46.05,1,0
-119.81,46.05,1,0
-119.72,46.05,1,0
-119.62,46.05,1,0
-119.52,46.05,1,0
-119.43,46.05,1,0
-119.33,46.05,1,0
-119.23,46.05,1,0
-119.14,46.05,1,0
-119.04,46.05,1,0
-118.94,46.05,1,0
-118.85,46.05,1,0
-118.75,46.05,1,0
-118.65,46.05,1,0
-118.56,46.05,1,0
-118.46,46.05,1,0
-118.36,46.05,1,0
-118.27,46.05,1,0
-118.17,46.05,1,0
-118.08,46.05,1,0
-117.98,46.05,0,0
-117.88,46.05,0,0
-117.79,46.05,0,0
-117.69,46.05,0,0
-117.59,46.05,0,0
-117.5,46.05,1,0
-117.4,46.05,1,0
-117.3,46.05,1,0
-117.21,46.05,1,0
-117.11,46.05,1,0
-124.73,45.97,1,0
-124.64,45.97,1,0
-124.54,45.97,1,0
-124.44,45.97,1,0
-124.35,45.97,1,0
-124.25,45.97,1,0
-124.15,45.97,1,0
-124.06,45.97,1,0
-123.96,45.97,0,0
-123.87,45.97,0,0
-123.77,45.97,0,0
-123.67,45.97,0,0
-123.58,45.97,0,0
-123.48,45.97,1,0
-123.38,45.97,0,0
-123.29,45.97,0,0
-123.19,45.97,1,0
-123.09,45.97,0,0
-123.0,45.97,1,0
-122.9,45.97,1,0
-122.8,45.97,1,0
-122.71,45.97,1,0
-122.61,45.97,1,0
-122.51,45.97,1,0
-122.42,45.97,1,0
-122.32,45.97,0,0
-122.22,45.97,0,0
-122.13,45.97,0,0
-122.03,45.97,0,0
-121.94,45.97,1,0
-121.84,45.97,0,0
-121.74,45.97,0,0
-121.65,45.97,0,0
-121.55,45.97,0,0
-121.45,45.97,1,0
-121.36,45.97,1,0
-121.26,45.97,1,0
-121.16,45.97,1,0
-121.07,45.97,1,0
-120.97,45.97,1,0
-120.87,45.97,1,0
-120.78,45.97,1,0
-120.68,45.97,1,0
-120.58,45.97,1,0
-120.49,45.97,1,0
-120.39,45.97,1,0
-120.29,45.97,1,0
-120.2,45.97,1,0
-120.1,45.97,1,0
-120.01,45.97,1,0
-119.91,45.97,1,0
-119.81,45.97,1,0
-119.72,45.97,1,0
-119.62,45.97,1,0
-119.52,45.97,1,0
-119.43,45.97,1,0
-119.33,45.97,1,0
-119.23,45.97,1,0
-119.14,45.97,1,0
-119.04,45.97,1,0
-118.94,45.97,1,0
-118.85,45.97,1,0
-118.75,45.97,1,0
-118.65,45.97,1,0
-118.56,45.97,1,0
-118.46,45.97,1,0
-118.36,45.97,1,0
-118.27,45.97,1,0
-118.17,45.97,0,0
-118.08,45.97,0,0
-117.98,45.97,0,0
-117.88,45.97,0,0
-117.79,45.97,0,0
-117.69,45.97,0,0
-117.59,45.97,1,0
-117.5,45.97,1,0
-117.4,45.97,1,0
-117.3,45.97,0,0
-117.21,45.97,1,0
-117.11,45.97,1,0
-124.73,45.88,1,0
-124.64,45.88,1,0
-124.54,45.88,1,0
-124.44,45.88,1,0
-124.35,45.88,1,0
-124.25,45.88,1,0
-124.15,45.88,1,0
-124.06,45.88,1,0
-123.96,45.88,0,0
-123.87,45.88,0,0
-123.77,45.88,0,0
-123.67,45.88,0,0
-123.58,45.88,1,0
-123.48,45.88,0,0
-123.38,45.88,0,0
-123.29,45.88,0,0
-123.19,45.88,1,0
-123.09,45.88,0,0
-123.0,45.88,0,0
-122.9,45.88,1,0
-122.8,45.88,1,0
-122.71,45.88,1,0
-122.61,45.88,1,0
-122.51,45.88,1,0
-122.42,45.88,1,0
-122.32,45.88,0,0
-122.22,45.88,0,0
-122.13,45.88,0,0
-122.03,45.88,0,0
-121.94,45.88,0,0
-121.84,45.88,0,0
-121.74,45.88,0,0
-121.65,45.88,1,0
-121.55,45.88,0,0
-121.45,45.88,1,0
-121.36,45.88,1,0
-121.26,45.88,1,0
-121.16,45.88,1,0
-121.07,45.88,1,0
-120.97,45.88,1,0
-120.87,45.88,1,0
-120.78,45.88,1,0
-120.68,45.88,1,0
-120.58,45.88,1,0
-120.49,45.88,1,0
-120.39,45.88,1,0
-120.29,45.88,1,0
-120.2,45.88,1,0
-120.1,45.88,1,0
-120.01,45.88,1,0
-119.91,45.88,1,0
-119.81,45.88,1,0
-119.72,45.88,1,0
-119.62,45.88,1,0
-119.52,45.88,1,0
-119.43,45.88,1,0
-119.33,45.88,1,0
-119.23,45.88,1,0
-119.14,45.88,1,0
-119.04,45.88,1,0
-118.94,45.88,1,0
-118.85,45.88,1,0
-118.75,45.88,1,0
-118.65,45.88,1,0
-118.56,45.88,1,0
-118.46,45.88,1,0
-118.36,45.88,1,0
-118.27,45.88,1,0
-118.17,45.88,0,0
-118.08,45.88,0,0
-117.98,45.88,0,0
-117.88,45.88,0,0
-117.79,45.88,0,0
-117.69,45.88,1,0
-117.59,45.88,1,0
-117.5,45.88,1,0
-117.4,45.88,1,0
-117.3,45.88,0,0
-117.21,45.88,1,0
-117.11,45.88,0,0
-124.73,45.8,1,0
-124.64,45.8,1,0
-124.54,45.8,1,0
-124.44,45.8,1,0
-124.35,45.8,1,0
-124.25,45.8,1,0
-124.15,45.8,1,0
-124.06,45.8,1,0
-123.96,45.8,0,0
-123.87,45.8,1,0
-123.77,45.8,0,0
-123.67,45.8,0,0
-123.58,45.8,0,0
-123.48,45.8,0,0
-123.38,45.8,0,0
-123.29,45.8,1,0
-123.19,45.8,1,0
-123.09,45.8,0,0
-123.0,45.8,1,0
-122.9,45.8,1,0
-122.8,45.8,1,0
-122.71,45.8,1,0
-122.61,45.8,1,0
-122.51,45.8,1,0
-122.42,45.8,1,0
-122.32,45.8,1,0
-122.22,45.8,0,0
-122.13,45.8,0,0
-122.03,45.8,0,0
-121.94,45.8,0,0
-121.84,45.8,1,0
-121.74,45.8,0,0
-121.65,45.8,1,0
-121.55,45.8,1,0
-121.45,45.8,1,0
-121.36,45.8,1,0
-121.26,45.8,1,0
-121.16,45.8,1,0
-121.07,45.8,1,0
-120.97,45.8,1,0
-120.87,45.8,1,0
-120.78,45.8,1,0
-120.68,45.8,1,0
-120.58,45.8,1,0
-120.49,45.8,1,0
-120.39,45.8,1,0
-120.29,45.8,1,0
-120.2,45.8,1,0
-120.1,45.8,1,0
-120.01,45.8,1,0
-119.91,45.8,1,0
-119.81,45.8,1,0
-119.72,45.8,1,0
-119.62,45.8,1,0
-119.52,45.8,1,0
-119.43,45.8,1,0
-119.33,45.8,1,0
-119.23,45.8,1,0
-119.14,45.8,1,0
-119.04,45.8,1,0
-118.94,45.8,1,0
-118.85,45.8,1,0
-118.75,45.8,1,0
-118.65,45.8,1,0
-118.56,45.8,1,0
-118.46,45.8,1,0
-118.36,45.8,1,0
-118.27,45.8,0,0
-118.17,45.8,0,0
-118.08,45.8,0,0
-117.98,45.8,0,0
-117.88,45.8,0,0
-117.79,45.8,0,0
-117.69,45.8,0,0
-117.59,45.8,0,0
-117.5,45.8,0,0
-117.4,45.8,1,0
-117.3,45.8,0,0
-117.21,45.8,1,0
-117.11,45.8,0,0
-124.73,45.71,1,0
-124.64,45.71,1,0
-124.54,45.71,1,0
-124.44,45.71,1,0
-124.35,45.71,1,0
-124.25,45.71,1,0
-124.15,45.71,1,0
-124.06,45.71,1,0
-123.96,45.71,1,0
-123.87,45.71,0,0
-123.77,45.71,0,0
-123.67,45.71,0,0
-123.58,45.71,0,0
-123.48,45.71,0,0
-123.38,45.71,0,0
-123.29,45.71,1,0
-123.19,45.71,1,0
-123.09,45.71,1,0
-123.0,45.71,1,0
-122.9,45.71,1,0
-122.8,45.71,1,0
-122.71,45.71,1,0
-122.61,45.71,1,0
-122.51,45.71,1,0
-122.42,45.71,1,0
-122.32,45.71,1,0
-122.22,45.71,0,0
-122.13,45.71,0,0
-122.03,45.71,1,0
-121.94,45.71,1,0
-121.84,45.71,0,0
-121.74,45.71,0,0
-121.65,45.71,1,0
-121.55,45.71,1,0
-121.45,45.71,1,0
-121.36,45.71,1,0
-121.26,45.71,1,0
-121.16,45.71,1,0
-121.07,45.71,1,0
-120.97,45.71,1,0
-120.87,45.71,1,0
-120.78,45.71,1,0
-120.68,45.71,1,0
-120.58,45.71,1,0
-120.49,45.71,1,0
-120.39,45.71,1,0
-120.29,45.71,1,0
-120.2,45.71,1,0
-120.1,45.71,1,0
-120.01,45.71,1,0
-119.91,45.71,1,0
-119.81,45.71,1,0
-119.72,45.71,1,0
-119.62,45.71,1,0
-119.52,45.71,1,0
-119.43,45.71,1,0
-119.33,45.71,1,0
-119.23,45.71,1,0
-119.14,45.71,1,0
-119.04,45.71,1,0
-118.94,45.71,1,0
-118.85,45.71,1,0
-118.75,45.71,1,0
-118.65,45.71,1,0
-118.56,45.71,1,0
-118.46,45.71,1,0
-118.36,45.71,1,0
-118.27,45.71,1,0
-118.17,45.71,0,0
-118.08,45.71,0,0
-117.98,45.71,0,0
-117.88,45.71,1,0
-117.79,45.71,1,0
-117.69,45.71,1,0
-117.59,45.71,1,0
-117.5,45.71,1,0
-117.4,45.71,0,0
-117.3,45.71,0,0
-117.21,45.71,1,0
-117.11,45.71,1,0
-124.73,45.63,1,0
-124.64,45.63,1,0
-124.54,45.63,1,0
-124.44,45.63,1,0
-124.35,45.63,1,0
-124.25,45.63,1,0
-124.15,45.63,1,0
-124.06,45.63,1,0
-123.96,45.63,1,0
-123.87,45.63,0,0
-123.77,45.63,1,0
-123.67,45.63,0,0
-123.58,45.63,0,0
-123.48,45.63,0,0
-123.38,45.63,0,0
-123.29,45.63,0,0
-123.19,45.63,1,0
-123.09,45.63,1,0
-123.0,45.63,1,0
-122.9,45.63,1,0
-122.8,45.63,1,0
-122.71,45.63,1,0
-122.61,45.63,1,0
-122.51,45.63,1,0
-122.42,45.63,1,0
-122.32,45.63,1,0
-122.22,45.63,1,0
-122.13,45.63,0,0
-122.03,45.63,1,0
-121.94,45.63,1,0
-121.84,45.63,0,0
-121.74,45.63,0,0
-121.65,45.63,1,0
-121.55,45.63,1,0
-121.45,45.63,1,0
-121.36,45.63,1,0
-121.26,45.63,1,0
-121.16,45.63,1,0
-121.07,45.63,1,0
-120.97,45.63,1,0
-120.87,45.63,1,0
-120.78,45.63,1,0
-120.68,45.63,1,0
-120.58,45.63,1,0
-120.49,45.63,1,0
-120.39,45.63,1,0
-120.29,45.63,1,0
-120.2,45.63,1,0
-120.1,45.63,1,0
-120.01,45.63,1,0
-119.91,45.63,1,0
-119.81,45.63,1,0
-119.72,45.63,1,0
-119.62,45.63,1,0
-119.52,45.63,1,0
-119.43,45.63,1,0
-119.33,45.63,1,0
-119.23,45.63,1,0
-119.14,45.63,1,0
-119.04,45.63,1,0
-118.94,45.63,1,0
-118.85,45.63,1,0
-118.75,45.63,1,0
-118.65,45.63,1,0
-118.56,45.63,1,0
-118.46,45.63,1,0
-118.36,45.63,1,0
-118.27,45.63,0,0
-118.17,45.63,0,0
-118.08,45.63,0,0
-117.98,45.63,0,0
-117.88,45.63,1,0
-117.79,45.63,1,0
-117.69,45.63,1,0
-117.59,45.63,1,0
-117.5,45.63,1,0
-117.4,45.63,1,0
-117.3,45.63,0,0
-117.21,45.63,1,0
-117.11,45.63,1,0